country,1960,1961,1962,1963,1964,1965,1966,1967,1968,1969,1970,1971,1972,1973,1974,1975,1976,1977,1978,1979,1980,1981,1982,1983,1984,1985,1986,1987,1988,1989,1990,1991,1992,1993,1994,1995,1996,1997,1998,1999,2000,2001,2002,2003,2004,2005,2006,2007,2008,2009,2010,2011,2012,2013,2014,2015,2016,2017,2018,2019,2020,2021
Afghanistan,,,,229,225,221,217,214,210,206,202,198,194,191,187,183,179,175,171,167,163,158,154,150,146,141,137,133,129,125,121,117,114,110,107,104,101,98.3,95.6,93.1,90.6,88,85.4,82.8,80.1,77.4,74.7,72,69.3,66.8,64.2,61.8,59.4,57.2,55,53,51.1,49.4,47.8,46.3,44.8,43.4
Angola,,,,,,,,,,,,,,,,,,,,,141,140,138,136,135,134,133,133,132,132,132,132,132,132,132,131,131,129,127,125,122,119,115,111,106,101,95.9,90.6,85.4,80.4,75.7,71.4,67.2,63.5,60.5,57.9,55.7,53.8,52,50.4,48.7,47.2
Albania,,,,,,,,,,,,,,,,,,,76.7,71.2,66,61.2,57,53.1,49.5,46.3,43.5,41,38.8,36.9,35.4,34,32.8,31.7,30.6,29.6,28.6,27.5,26.4,25.2,24.1,22.9,21.7,20.4,19.1,17.8,16.5,15.3,14.1,12.9,11.9,10.9,10,9.3,8.8,8.5,8.4,8.3,8.3,8.4,8.4,8.4
Andorra,,,,,,,,,,,,,,,,,,,,,,,,,,10.2,10,9.8,9.6,9.3,9.1,8.9,8.7,8.4,8.1,7.9,7.6,7.3,7,6.8,6.5,6.3,6,5.8,5.6,5.4,5.1,4.9,4.6,4.4,4.2,4,3.9,3.7,3.5,3.3,3.2,3,2.9,2.8,2.7,2.6
UAE,136,129,123,116,110,103,96.6,89.8,83.1,76.7,70.6,64.9,59.5,54.6,50.3,46,42.1,38.4,35,31.9,29,26.5,24.3,22.4,20.8,19.3,18.1,16.9,15.9,15,14.2,13.5,12.8,12.3,11.7,11.3,10.9,10.5,10.2,9.9,9.6,9.3,9.1,8.9,8.6,8.4,8.2,8.1,7.9,7.6,7.4,7.2,7,6.8,6.7,6.5,6.3,6.2,6,5.8,5.6,5.4
Argentina,,,,,,,,,,59.5,59,58.3,57.5,56.4,54.9,52.8,50.2,47,43.6,40.1,37,34.2,31.8,29.8,28.2,27,26.1,25.7,25.6,25.6,25.4,25.1,24.4,23.5,22.6,21.6,20.7,19.8,19,18.2,17.6,17,16.4,15.8,15.3,14.8,14.4,14.1,13.7,13.4,12.9,12.4,11.9,11.4,10.9,10.3,9.8,9.1,8.4,7.6,6.8,6.1
Armenia,,,,,,,,,,,,,,,,,70,67.5,65,62.6,60.4,58.2,56.1,54.1,52.2,50.4,48.6,46.8,58.6,43.5,41.8,40.2,38.6,37,35.4,33.9,32.4,31,29.6,28.3,27,25.8,24.6,23.4,22.3,21.2,20.2,19.2,18.3,17.4,16.6,15.7,15,14.2,13.5,12.9,12.2,11.6,11.1,10.5,10,9.5
Antigua and Barbuda,62.9,58.8,54.3,49.6,44.9,40.4,36.1,32.3,29,26.2,23.8,21.9,20.3,19,17.9,16.8,15.9,15,14.1,13.3,12.6,12,11.5,11.2,10.9,10.7,10.7,10.7,10.8,10.9,11.1,11.4,11.7,12,12.4,12.6,12.8,12.9,12.9,12.8,12.6,12.3,11.9,11.5,11.1,10.6,10.1,9.7,9.2,8.8,8.3,7.9,7.5,7.1,6.8,6.5,6.2,6,5.7,5.5,5.3,5.2
Australia,20.3,19.9,19.5,19.1,18.7,18.5,18.3,18.2,18.1,18,17.8,17.4,16.9,16.1,15.3,14.4,13.5,12.6,11.9,11.3,10.8,10.4,10.1,9.8,9.6,9.3,9.1,8.8,8.4,8,7.6,7.1,6.7,6.3,6,5.8,5.6,5.4,5.3,5.2,5.1,5,5,4.9,4.8,4.8,4.7,4.5,4.4,4.2,4,3.8,3.6,3.5,3.3,3.3,3.2,3.2,3.2,3.2,3.2,3.2
Austria,37.3,34.9,32.9,31.1,29.6,28.3,27.2,26.3,25.7,25.2,25,24.7,24.1,23.1,21.6,19.8,18,16.6,15.5,14.6,13.9,13.2,12.6,11.9,11.3,10.7,10.1,9.4,8.9,8.4,8,7.6,7.2,6.7,6.2,5.7,5.3,5,4.8,4.7,4.6,4.5,4.4,4.3,4.2,4.1,3.9,3.8,3.8,3.7,3.6,3.5,3.3,3.2,3.1,3,3,2.9,2.9,2.9,3,3
Azerbaijan,,,,,,,,,,,,,,,,,,,,,,,86.1,84.2,82.4,80.7,79.3,78,76.9,76.2,75.9,76.1,76.3,76.4,76.1,75.2,73.6,71.3,68.3,64.8,61.1,57.3,53.6,50.2,47.1,44.2,41.6,39.2,36.8,34.6,32.5,30.5,28.5,26.7,25,23.3,21.8,20.4,19.2,18.2,17.4,16.6
Burundi,,,,,143,144,145,146,147,148,148,148,164,149,149,148,147,146,142,138,132,127,121,115,110,106,104,102,102,103,103,104,105,110,105,104,103,102,99.7,97.3,94.7,91.9,88.9,85.7,82.2,78.3,74.3,70.3,66.4,62.8,59.4,56.3,53.5,50.8,48.4,46.3,44.5,42.9,41.3,40,38.8,37.6
Belgium,29.4,28.1,27,26,25,24,23.2,22.5,21.9,21.3,20.6,19.7,18.7,17.7,16.7,15.7,14.9,14.1,13.4,12.8,12.3,11.7,11.2,10.6,10.2,9.8,9.5,9.2,8.9,8.6,8.4,8.1,7.7,7.3,6.8,6.3,5.9,5.5,5.2,5,4.8,4.7,4.5,4.4,4.3,4.2,4,3.9,3.8,3.8,3.7,3.6,3.5,3.4,3.4,3.4,3.3,3.4,3.4,3.4,3.4,3.4
Benin,184,181,178,175,172,168,165,162,159,157,154,151,148,145,143,139,137,134,131,128,126,124,121,119,117,115,113,111,109,107,104,102,100,98,96,94,92.2,90.3,88.6,86.8,85,83.3,81.5,79.8,78.2,76.6,75.1,73.7,72.3,70.9,69.6,68.4,67.1,65.8,64.6,63.3,62,60.8,59.5,58,56.6,55.2
Burkina Faso,157,155,154,152,151,150,149,148,147,146,145,143,141,139,136,132,128,124,121,117,115,112,110,108,107,105,103,102,100,99.3,98.7,98.5,98.3,98.1,97.7,97.1,96.1,94.9,93.6,92.3,90.8,89.2,87.5,85.4,83.1,80.6,78,75.3,72.8,70.5,68.3,66.4,64.6,62.9,61.2,59.7,58.3,56.9,55.6,54.2,53,51.8
Bangladesh,175,171,167,163,160,158,156,154,153,153,169,212,152,151,151,149,148,146,143,141,138,135,131,128,124,120,117,113,109,105,101,97.1,93.1,89.2,85.2,81.3,77.5,73.7,70,66.5,63.1,60,57,54.3,51.8,49.3,47,44.8,42.7,40.7,38.9,37.2,35.5,34,32.4,31,29.5,28.1,26.7,25.3,24.1,22.9
Bulgaria,45.1,40.1,36.3,33.7,32.1,31.3,31.2,31,30.2,28.8,27.5,26.4,25.7,25.1,24.6,24.2,23.6,22.8,21.8,20.6,19.6,18.7,18.1,17.4,16.7,15.8,14.9,14.3,14.1,14.2,14.6,15.1,15.4,15.4,15.3,15.4,15.6,15.7,15.5,14.9,14.3,13.7,13.2,12.5,11.8,11,10.4,9.8,9.5,9.3,9.1,8.7,8.2,7.7,7.3,6.8,6.4,6.1,5.8,5.6,5.4,5.3
Bahrain,133,123,113,104,96,88.1,80.9,74.1,67.8,62.1,56.9,52.1,47.8,43.9,40.5,37.4,34.7,32.4,30.3,28.4,26.7,25.3,24,22.9,22,21.1,20.5,20.1,19.8,19.7,19.6,19.3,18.8,18,16.8,15.6,14.3,13.1,12.1,11.3,10.7,10.3,10,9.7,9.4,9.1,8.8,8.4,8,7.6,7.3,7,6.7,6.6,6.5,6.4,6.3,6.2,6.1,6.1,6,5.9
Bahamas,,,,,,,,,24.6,25.1,25.6,26,26.3,26.5,26.6,26.5,26.3,26,25.6,25.3,24.9,24.5,24.2,24,23.9,23.6,23.2,22.6,21.8,20.9,20,19.1,18.2,17.4,16.6,15.8,15.1,14.6,14.2,14,14,14.1,14.2,14.4,14.5,14.5,14.4,14.2,13.9,13.6,13.3,13,12.7,12.4,12.2,12,11.9,11.8,11.7,15.4,11.5,11.4
Bosnia and Herzegovina,,,,,,,,,,,,,,,,,,,,,,,,,26.1,24,22.1,20.4,18.8,17.4,16.1,14.9,21.7,21,17,11.8,10.8,10.2,9.6,9.1,8.7,8.4,8.2,8,7.9,7.8,7.5,7.2,6.9,6.6,6.3,6,5.8,5.6,5.5,5.4,5.4,5.3,5.2,5.1,5,4.8
Belarus,,,,,,,,,,,,,,,,,,,,,17.2,16.5,15.8,15.2,14.7,14.2,13.7,13.2,12.7,12.4,12.1,12.1,12.2,12.3,12.4,12.4,12.2,11.9,11.4,10.7,10,9.2,8.5,7.8,7.3,6.7,6.2,5.6,5.1,4.6,4.3,4,3.7,3.5,3.3,3.1,2.9,2.7,2.5,2.4,2.2,2.1
Belize,,,,,,,,78.6,75.8,73,70.4,67.8,65.4,63,60.8,58.7,56.7,54.9,53.1,51.3,49.6,47.9,46.2,44.4,42.6,40.7,38.9,36.9,35,33.1,31.3,29.6,28,26.6,25.3,24.2,23.2,22.3,21.5,20.7,20,19.4,18.9,18.5,18.1,17.9,17.6,17.3,17,16.6,16.2,15.7,15.2,14.5,13.9,13.2,12.5,11.8,11.2,10.6,10.1,9.6
Bolivia,175,172,169,166,163,159,156,153,150,147,143,140,137,133,130,126,123,120,116,114,111,108,106,103,101,98,95.3,92.4,89.6,86.7,83.9,81.1,78.3,75.5,72.8,70,67.2,64.4,61.5,58.6,55.8,53.1,50.5,47.9,45.5,43.2,41,38.9,36.9,35,33.2,31.5,29.8,28.3,26.9,25.6,24.5,23.5,22.6,21.7,20.9,20.2
Brazil,128,125,122,119,116,114,111,109,107,104,102,99.6,97.3,94.9,92.6,90.2,87.7,85.2,82.5,79.6,76.6,73.6,70.6,67.9,65.3,62.9,60.7,58.6,56.6,54.7,52.7,50.6,48.3,46,43.5,41.1,38.7,36.4,34.3,32.3,30.4,28.6,26.8,25.1,23.5,22,20.7,19.5,18.4,17.5,16.7,16,15.4,14.9,14.6,14.3,15.1,13.8,13.5,13.4,13.1,12.9
Barbados,70.1,65.2,61.1,57.5,54.2,51.4,49,46.8,44.8,42.8,40.9,38.9,37,35.1,33.2,31.4,29.7,28,26.4,24.9,23.5,22.4,21.4,20.6,19.9,19.3,18.7,18.1,17.5,16.8,16.2,15.5,14.9,14.4,14,13.7,13.5,13.4,13.4,13.6,13.8,14,14.2,14.3,14.4,14.4,14.3,14.2,14.1,13.9,13.8,13.7,13.6,13.5,13.3,13,12.8,12.5,12.1,11.7,11.4,11.1
Brunei,84,75.9,68,61.2,55.5,51.1,47.8,45.3,43.1,41,38.7,36,33.1,30.2,27.3,24.7,22.3,20.2,18.3,16.7,15.4,14.2,13.2,12.4,11.7,11.2,10.8,10.5,10.3,10.3,10.2,10.3,10.3,10.2,10,9.7,9.4,9.1,8.8,8.5,8.2,8,7.9,7.7,7.7,7.7,7.7,7.7,7.7,7.8,7.9,8.1,8.2,8.4,8.6,8.8,9,9.2,9.4,9.5,9.6,9.6
Bhutan,,,,,,,,,194,188,182,176,171,165,160,155,150,145,140,135,131,126,121,117,113,108,104,100,96.3,92.5,88.9,85.3,81.9,78.5,75.3,72.1,69,66,63,60.1,57.4,54.7,52.1,49.6,47.1,44.7,42.3,40.1,38,36,34.1,32.5,31,29.7,28.5,27.4,26.4,25.5,24.7,23.9,23.1,22.5
Botswana,114,110,107,105,102,100,97.8,95.4,92.7,90,87,84.1,81.2,78.4,75.3,71.9,68.1,64.3,60.9,57.7,54.9,52.4,50.1,48,45.8,43.7,41.4,38.9,36.6,34.8,33.8,33.8,34.2,35.1,36.1,37.5,36.6,36.9,36.6,36.1,35.1,34.7,36,38.4,41.1,41.4,43.5,47.3,49.4,48.7,48.3,48,42.9,39.7,38.7,36.6,35.3,32.3,30.9,29.9,29,28.3
Central African Republic,,161,158,156,153,151,148,145,143,140,138,136,134,132,130,128,126,125,123,122,121,120,119,118,117,117,117,116,116,116,115,115,115,114,114,113,112,112,111,110,109,107,106,104,102,101,98.2,96.3,94.6,92.7,91.1,89.3,87.8,86.9,85.3,83.7,82.4,81.7,80.3,78.6,77.2,75.4
Canada,27.8,26.9,26,25,24,23.1,22.1,21.2,20.3,19.4,18.5,17.6,16.7,15.9,15,14.1,13.3,12.5,11.7,11,10.3,9.7,9.2,8.7,8.3,8,7.7,7.5,7.3,7,6.8,6.6,6.4,6.2,6,5.8,5.6,5.5,5.4,5.3,5.3,5.3,5.3,5.3,5.3,5.2,5.2,5.1,5.1,5,5,4.9,4.8,4.8,4.7,4.7,4.7,4.6,4.6,4.5,4.5,4.4
Switzerland,21.7,21.2,20.7,20,19.2,18.4,17.6,16.9,16.3,15.6,15,14.3,13.6,12.8,12,11.2,10.5,9.8,9.2,8.8,8.4,8.1,7.8,7.6,7.4,7.3,7.2,7.1,7,6.8,6.6,6.4,6.1,5.8,5.5,5.2,5.1,4.9,4.8,4.7,4.7,4.6,4.5,4.5,4.4,4.3,4.2,4.1,4,4,3.9,3.9,3.8,3.8,3.8,3.7,3.7,3.6,3.6,3.5,3.4,3.4
Chile,131,124,119,113,106,96.5,86.9,78.7,72.6,68.8,67,66.1,65.2,63.4,59.7,54.1,47.5,41,35.3,30.9,27.8,25.2,22.8,20.7,19.4,18.9,18.7,18.5,18,17.2,16.1,14.9,13.7,12.7,11.8,11.1,10.6,10.3,10.1,9.8,9.2,8.7,8.3,8.1,7.9,7.7,7.6,7.6,7.6,7.5,7.4,7.3,7.2,7,6.9,6.8,6.7,6.5,6.3,6.1,5.9,5.6
China,,,,,,,,,,83.1,79.3,75.7,72.1,68.7,65.1,61.5,58,54.7,51.7,49.1,46.9,45.1,43.7,42.7,42.1,41.8,41.8,42.1,42.4,42.6,42.7,42.4,41.9,41,39.8,38.4,37,35.4,33.8,31.9,30,27.9,25.7,23.5,21.4,19.5,17.7,16.2,14.8,13.6,12.5,11.5,10.6,9.7,8.9,8.2,7.6,7,6.4,5.9,5.5,5.1
Cote d'Ivoire,213,208,202,197,192,187,182,177,173,168,163,158,153,147,142,137,131,126,122,118,115,113,111,109,107,106,106,105,105,105,104,104,104,104,103,102,102,100,98.9,97.3,95.6,93.8,91.8,89.8,87.8,85.5,83.6,81.3,79,76.9,74.9,73.1,71.1,69.2,67.3,65.6,64.2,62.6,61,59,57.5,55.9
Cameroon,165,161,158,156,153,149,146,141,136,131,126,122,119,116,115,114,114,113,112,110,108,105,102,98.3,94.8,91.5,88.6,86.4,85,84.4,84.6,85.5,86.7,88.1,89.2,90,90.5,90.6,90.2,89.2,87.7,85.9,83.9,81.9,79.9,78.2,76.3,74.7,72.7,71.1,68.6,66.6,64.3,61.6,59.5,57.1,55.3,53.2,51.5,50.1,48.5,47
"Congo, Dem. Rep.",,,,,,,,,,150,149,147,146,144,142,140,139,137,135,134,132,131,129,128,126,125,124,123,122,121,120,119,118,117,116,115,114,112,111,109,107,105,103,100,98,95.6,93.2,90.8,88.5,86.2,83.9,81.8,79.5,77.4,75.3,73.4,71.5,69.5,67.6,65.9,64.1,62.4
"Congo, Rep.",116,112,108,105,101,98.1,95.1,92.3,89.6,87.2,84.8,82.7,80.8,78.9,77.2,75.6,74.1,72.6,71.1,69.6,68.3,66.9,65.4,64,62.6,61.3,60.1,59.4,59,59,59.5,60.5,61.7,63.4,65.3,67.2,69.3,71.1,72.3,72.7,72.1,70.4,67.8,64.5,60.8,56.8,53.2,49.9,47.1,44.9,43.2,41.9,40.9,39.8,38.8,37.7,36.7,35.7,34.8,35.9,32.9,32
Colombia,94.1,91.3,88.6,86.1,83.7,81.4,79.2,77,74.9,72.6,70.4,68.1,65.7,63.2,60.7,58.1,55.4,52.8,50.1,47.6,45.1,42.7,40.5,38.5,36.6,35,33.5,32.2,31.1,30.1,29.2,28.3,27.5,26.6,25.8,24.9,24.1,23.3,22.6,21.8,21.2,20.6,20,19.4,18.9,18.3,17.8,17.3,16.8,16.3,15.8,15.3,14.8,14.3,13.9,13.4,13,12.6,12.2,11.8,11.4,11.1
Comoros,,,,,,,,,,,155,151,147,143,140,137,133,130,126,122,119,115,112,109,106,103,99.5,96.7,94,91.3,88.8,86.3,83.8,81.5,79.4,77.5,75.7,74,72.5,71,69.6,68.3,66.9,65.4,63.9,62.3,60.7,59.2,57.7,56.1,54.6,53.1,51.6,50.1,48.7,47.2,45.7,44.3,42.9,41.6,40.4,39.3
Cape Verde,123,122,120,119,117,115,113,110,108,104,101,96.5,92.3,88.1,83.8,79.7,76,72.6,69.7,67.4,65.7,64.4,63.4,62.3,60.9,59,56.5,53.8,51,48.5,46.6,45.4,44.9,44.8,44.7,44.1,42.7,40.4,37.5,34.2,31,28.4,26.2,24.8,23.9,23.5,23.3,23.3,23.1,22.8,22.3,21.5,20.5,19.4,18.1,16.9,15.7,14.6,13.7,12.9,12.2,11.7
Costa Rica,67.8,63.1,65.2,70.4,72.7,70.2,65.8,63,62.2,61.9,60.8,58.1,53.3,47.5,42.6,38.4,33.9,28.8,24.1,20.6,19.1,18.8,19.1,19.6,19.8,19.5,18.6,17.2,15.6,14.4,14,13.8,13.4,13,12.7,12.7,12.7,12.6,12.3,11.8,11.1,10.5,10.2,10,9.9,9.9,9.8,9.7,9.5,9.3,9.1,8.9,8.6,8.2,7.9,7.7,7.6,7.5,7.4,7.2,6.7,6.2
Cuba,42.8,41.3,39.8,38.3,36.9,35.5,34.1,32.7,31.4,30,28.7,27.5,26.2,25,23.8,22.6,21.5,20.4,19.4,18.5,17.6,16.7,15.9,15.1,14.4,13.7,13.1,12.5,11.9,11.3,10.8,10.3,9.8,9.4,9,8.6,8.2,7.9,7.6,7.3,7,6.8,6.5,6.3,6.1,5.9,5.7,5.5,5.4,5.2,5.1,4.9,4.8,4.7,4.6,4.5,4.4,4.3,4.2,4.2,4.1,4
Cyprus,,,,,,,,,,,,35.2,32.6,30.3,28,25.5,22.7,20.3,18.7,17.7,17.1,16.6,15.9,14.8,13.3,12,10.9,10.2,10,10,10,9.9,9.5,9.1,8.5,8,7.5,7,6.5,6.1,5.7,5.3,5,4.6,4.3,4,3.7,3.4,3.3,3.1,2.9,2.8,2.6,2.5,2.4,2.3,2.3,2.3,2.3,2.3,2.3,2.3
Czech Republic,,,,,,,,,,,,,,,,,,,,,,13.4,13,12.7,12.5,12.2,11.9,11.5,11.1,10.7,10.3,9.9,9.3,8.6,7.9,7.1,6.4,5.8,5.2,4.8,4.5,4.3,4.1,3.9,3.7,3.5,3.4,3.2,3,2.9,2.7,2.6,2.6,2.5,2.5,2.5,2.6,2.6,2.5,2.4,2.3,2.2
Germany,,,,,,,,,23.4,22.7,22.1,21.4,20.6,19.7,18.8,17.7,16.6,15.5,14.4,13.5,12.6,11.8,11,10.4,9.8,9.2,8.7,8.3,7.8,7.4,7,6.6,6.2,5.8,5.5,5.3,5,4.8,4.7,4.5,4.4,4.3,4.2,4.1,4,3.9,3.8,3.7,3.6,3.5,3.5,3.4,3.4,3.3,3.3,3.3,3.3,3.3,3.2,3.2,3.1,3
Djibouti,,,,,,,,,,,,,,,,,130,127,123,120,117,114,111,108,105,103,99.9,97.5,95.3,93.4,91.6,90,88.7,87.6,86.6,85.6,84.7,83.6,82.4,81.1,79.6,78,76.4,74.6,72.9,71.1,69.4,67.6,65.9,64.2,62.5,60.8,59.3,57.6,56.1,54.5,53.1,51.7,50.3,48.7,47.2,45.9
Dominica,83.9,77.2,71.1,65.4,60.2,55.4,51,47,43.3,39.9,36.7,33.9,31.3,29,26.9,24.9,23.2,21.7,20.3,21,18,17,16.2,15.5,14.9,14.4,14,13.6,13.3,13.1,12.9,12.8,12.7,12.7,12.8,12.8,13,13.2,13.4,13.7,14.1,14.5,15,15.5,16.1,16.8,17.5,18.4,19.3,20.3,21.4,22.5,23.8,25,26.3,27.6,28.8,29.8,30.7,31.3,31.7,32
Denmark,21.3,20.8,20.2,19.5,18.8,17.9,16.9,16,15.3,14.6,13.9,13.2,12.4,11.6,10.9,10.2,9.7,9.2,8.8,8.5,8.2,8.1,7.9,7.9,7.9,8,8,8,7.9,7.7,7.4,6.9,6.5,6.1,5.7,5.4,5.2,5,4.9,4.8,4.7,4.6,4.5,4.4,4.2,4.1,3.9,3.8,3.6,3.6,3.5,3.5,3.5,3.5,3.5,3.5,3.5,3.4,3.3,3.3,3.2,3.1
Dominican Republic,102,101,100,99,97.5,95.9,94.1,92.4,90.6,88.8,86.9,84.8,82.5,80,77.5,75,72.5,70.1,67.9,65.7,63.6,61.6,59.7,57.8,56,54.3,52.6,50.9,49.3,47.7,46,44.4,42.8,41.2,39.6,38.1,36.7,35.4,34.3,33.3,32.5,31.8,31.2,30.6,30.2,29.9,29.6,29.4,29.2,29.1,29,28.9,28.9,28.9,28.9,28.9,28.9,28.8,28.6,28.3,27.8,27.3
Algeria,146,146,146,146,147,147,148,148,147,147,145,143,140,136,132,128,123,119,114,108,102,94.8,86.3,76.9,67.6,59.6,53.3,48.9,46.1,44.5,43.6,43.1,42.8,42.3,41.7,41,40,39,38,36.8,35.6,34.3,32.9,31.6,30.3,29,27.8,26.6,25.6,24.7,23.9,23.3,22.8,22.4,22,21.7,21.4,21,20.6,20.1,19.6,19.2
Ecuador,119,115,113,110,107,105,103,101,99,97.3,95.4,93.2,90.7,87.9,84.7,81.3,78,74.9,72,69.2,66.4,63.6,60.7,57.9,55.2,52.6,50.2,48,46,44.1,42.3,40.5,38.7,36.8,34.9,33,31.1,29.3,27.6,26.1,24.7,23.5,22.5,21.5,20.7,20,19.2,18.5,17.7,17,16.3,15.6,14.9,14.3,13.7,13.2,12.8,12.4,12,11.5,11.1,10.7
Egypt,213,206,199,192,186,181,176,172,169,167,164,162,159,155,150,145,139,133,127,121,115,109,103,96.6,90.2,84,78.3,73.4,69.2,65.8,62.9,60.2,57.6,54.9,52.2,49.4,46.7,44,41.5,39.3,37.2,35.3,33.6,32.1,30.7,29.4,28.3,27.1,26.1,25.1,24.1,23.1,22.3,21.4,20.6,19.9,19.2,18.6,17.9,17.3,16.8,16.2
Eritrea,,,,,,,,,,,,,,,128,125,123,121,119,117,115,114,112,111,109,107,105,103,100,97.3,93.9,90.1,86,81.6,77.1,72.7,68.7,65,61.8,58.9,56.3,53.9,51.8,49.7,47.9,46.2,44.6,43,41.6,40.4,39.1,38,37,36,35,34,33.1,32.2,31.4,30.5,29.7,28.9
Spain,46.8,44.9,42.9,40.9,39,37.2,35.5,33.7,31.9,29.9,27.8,25.7,23.7,21.8,20.1,18.6,17.2,15.9,14.6,13.5,12.4,11.5,10.7,10.1,9.6,9.2,8.8,8.4,8.1,7.8,7.5,7.1,6.7,6.3,5.9,5.5,5.2,4.9,4.7,4.5,4.4,4.2,4.1,4.1,4,3.8,3.7,3.6,3.4,3.3,3.2,3,2.9,2.9,2.8,2.8,2.7,2.7,2.7,2.7,2.6,2.6
Estonia,,,,,,,,,,,,,,,,,,,,,17.8,17.1,16.5,15.9,15.5,15.1,14.7,14.5,14.3,14.1,14,13.9,13.7,13.4,13,12.4,11.7,11,10.2,9.4,8.7,8,7.3,6.7,6.2,5.6,5.1,4.7,4.3,3.9,3.6,3.3,3.1,2.8,2.6,2.4,2.3,2.1,1.9,1.8,1.7,1.6
Ethiopia,,,,,,,147,146,146,146,146,145,145,145,145,144,144,144,143,143,142,140,138,136,133,131,129,126,124,122,120,117,114,111,107,104,100,96.8,93.5,90.3,87,83.7,80.2,76.7,73.1,69.5,66.1,62.8,59.8,57,54.4,51.9,49.5,47.3,45.2,43.2,41.3,39.6,38,36.6,35.4,34.3
Finland,21.9,20.6,19.5,18.4,17.4,16.6,15.8,15,14.4,13.8,13.2,12.6,12,11.4,10.7,10.1,9.4,8.7,8.1,7.6,7.1,6.8,6.5,6.3,6.1,6,6,5.9,5.8,5.7,5.5,5.3,5,4.8,4.5,4.3,4.1,3.9,3.8,3.6,3.5,3.4,3.3,3.3,3.2,3.1,3,2.8,2.7,2.6,2.5,2.4,2.3,2.2,2.1,2,2,1.9,1.9,1.9,1.8,1.8
Fiji,58.4,56.1,54,52,50.2,48.5,47,45.9,45,44.4,44,43.8,43.7,43.4,43,42.3,41.4,40.2,38.8,37.2,35.7,34.2,32.7,31.4,30.1,29,28,27,26,25.2,24.3,23.5,22.7,22,21.3,20.8,20.3,19.9,19.6,19.4,19.2,19.2,19.2,19.3,19.5,19.8,20,20.1,20.2,20.2,20.1,20.1,20.1,20.2,20.4,20.7,21.1,21.6,22.1,22.6,23.1,23.3
France,23.6,22.4,21.4,20.4,19.4,18.6,17.8,17.2,16.5,15.8,15.1,14.3,13.6,13.1,12.7,12.3,11.9,11.4,10.9,10.5,10.1,9.8,9.4,9.1,8.8,8.5,8.3,8.1,7.9,7.7,7.5,7.1,6.7,6.2,5.7,5.3,4.9,4.6,4.4,4.3,4.1,3.9,3.7,3.6,3.4,3.3,3.3,3.2,3.2,3.2,3.1,3.1,3.1,3.1,3.1,3.2,3.2,3.3,3.4,3.4,3.4,3.4
"Micronesia, Fed. Sts.",88.3,84.9,81.7,78.6,75.7,72.9,70.2,67.6,65.1,62.8,60.6,58.7,56.7,55,53.4,52,50.7,49.5,48.5,47.6,46.8,46.2,45.8,45.2,44.7,43.9,43.1,42,40.9,39.9,38.9,38,37.3,36.6,36,35.4,34.6,33.8,32.9,32.1,31.3,30.6,31.8,29.7,29.6,29.5,29.5,29.5,29.2,28.9,28.4,27.8,27.3,26.6,25.8,25.1,24.4,23.6,23,22.2,21.6,21
Gabon,,,,,,,,,,103,99.7,97.1,94.5,91.9,89.3,86.9,84.5,82.1,79.8,77.5,75.3,73.2,71.2,69.3,67.6,66,64.5,63.2,62,61,60.1,59.3,58.8,58.2,57.8,57.4,56.9,56.3,55.6,54.7,53.7,52.6,51.5,50.3,49,47.8,46.6,45.1,43.9,43,41.5,40.1,38.7,37.3,36.5,35.3,34,33.2,32.2,31.2,29.8,29.4
UK,22.9,22.5,22,21.5,20.8,20.2,19.6,19.1,18.7,18.4,18,17.7,17.2,16.6,16,15.4,14.7,14.1,13.4,12.7,12.1,11.4,10.8,10.3,10,9.7,9.4,9.1,8.8,8.4,7.9,7.4,6.9,6.6,6.3,6.1,6,5.8,5.7,5.6,5.6,5.5,5.4,5.3,5.2,5.1,5,4.9,4.8,4.6,4.4,4.3,4.1,4,3.9,3.9,3.8,3.8,3.8,3.8,3.7,3.7
Georgia,,,,,,,,,,,,,,,,58.5,56.7,54.8,53.1,51.4,49.8,48.2,46.6,45.2,44,43.1,42.3,41.8,41.5,41.2,41,40.7,40.4,40,39.5,38.9,38,36.9,35.6,33.9,32.1,30,27.8,25.6,23.3,21,19,17.1,15.4,13.9,12.6,11.6,10.8,10.2,9.7,9.3,9.1,8.9,8.8,8.6,8.5,8.4
Ghana,124,122,122,121,121,120,120,121,121,121,121,120,119,117,115,112,109,106,104,103,101,101,99.9,98.8,97.2,95,92.2,89.2,85.9,82.8,80,77.6,75.8,74.5,73.6,72.7,71.7,70.4,68.7,66.7,64.6,62.3,60.1,58.2,56.6,55.2,53.8,52.5,51,49.2,47.4,45.6,43.8,42.2,40.6,39.2,37.9,36.7,35.6,34.5,33.5,32.6
Guinea,209,208,206,205,203,201,199,198,196,194,192,190,188,186,183,181,178,176,173,170,167,164,161,158,155,152,150,147,144,141,138,134,130,127,123,119,115,112,108,104,101,97.1,93.8,90.6,87.8,85.3,83.1,81.2,79.6,78.1,76.8,75.6,74.5,73.4,72.9,71.9,70.2,69.2,68,66.8,65.4,63.8
Gambia,153,150,148,145,142,140,138,135,133,130,128,126,123,121,118,116,113,111,109,106,104,102,99.5,97.1,94.7,92.4,90,87.7,85.5,83.4,81.2,79.2,77.2,75.1,73.1,71.1,69.1,67.2,65.3,63.5,61.7,60,58.2,56.5,54.9,53.2,51.6,50.1,48.7,47.3,45.9,44.6,43.3,42.1,41,39.8,38.7,37.7,36.7,35.8,34.9,34
Guinea-Bissau,,,,,,,,,,,,,,,,,,,,,,,,,,145,142,139,137,134,132,129,127,124,122,119,116,114,111,108,105,103,99.5,96.4,93,89.6,86.2,82.7,79.2,75.8,72.6,69.6,66.7,64.2,61.9,59.9,58,56.3,54.6,52.9,51.5,50
Equatorial Guinea,,,,,,,,,,,,,,,,,,,,,,,135,132,130,127,126,124,123,122,121,120,119,118,118,117,115,114,112,109,107,104,102,98.8,96,93.2,90.2,87.2,84.4,81.7,79.1,76.7,74.3,72.1,69.9,68,66,64.1,62.2,60.4,58.8,57.2
Greece,39.5,38.8,37.8,36.5,35.2,34.2,33.2,32.3,31,29.2,26.9,25,24.1,23.9,23.7,22.9,21.8,20.7,19.5,18.2,16.9,15.8,14.9,14.1,13.5,12.7,12,11.2,10.4,9.7,9.1,8.6,8.2,8,7.7,7.4,7.1,6.8,6.4,6,5.6,5.2,4.9,4.6,4.3,4,3.8,3.6,3.5,3.4,3.4,3.5,3.5,3.6,3.8,3.8,3.9,3.8,3.7,3.5,3.4,3.3
Grenada,67.1,62.2,57.4,53.1,49.4,46.5,44.4,42.9,41.7,40.8,39.9,39.1,38.1,37.2,36.2,35.1,34,32.8,31.5,30.2,28.9,27.5,26.2,25,23.8,22.6,21.6,20.6,19.6,18.7,17.8,17,16.1,15.4,14.7,14.2,13.7,13.4,13.1,13,12.8,12.8,12.8,12.8,12.8,12.9,12.9,13,13.1,13.2,13.3,13.5,13.7,13.9,14.1,14.2,14.4,14.5,14.6,14.6,14.6,14.4
Guatemala,148,145,141,138,135,132,129,126,122,119,116,113,110,107,104,101,105,94.8,91.8,88.9,86,83.1,88.8,77.5,74.7,72,69.3,66.8,64.3,61.8,59.5,57.3,55.1,53.1,51.1,49.2,47.4,45.7,44,42.5,41,39.5,38.2,36.9,35.6,34.4,33.2,32,30.8,29.7,28.7,27.6,26.6,25.6,24.6,23.8,23,22.2,21.5,20.8,20.2,19.6
Guyana,66.9,64.5,62.4,60.6,59.2,58.1,57.2,56.5,56,55.6,55.3,55.1,55.1,54.9,54.8,54.6,54.4,54.1,53.8,53.4,53.1,52.7,52.2,51.8,51.3,50.8,50.2,49.5,48.8,47.9,46.9,45.9,44.8,43.7,42.7,41.7,40.7,39.8,38.9,38,37.1,36.3,35.5,34.8,34.1,33.4,32.8,32.2,31.6,31,30.5,30,29.4,28.8,28.1,27.4,26.7,26,25.3,24.6,23.9,23.2
Honduras,140,135,131,127,123,119,116,112,108,105,101,97.5,94.1,90.7,96.6,84,80.8,77.7,74.6,71.6,68.7,65.9,63.2,60.6,58.1,55.7,53.5,51.3,49.2,47.2,45.2,43.4,41.7,40.1,38.5,37.1,35.7,34.3,41.8,31.8,30.6,29.4,28.2,27.1,26,25.1,24.1,23.2,22.4,21.6,20.9,20.1,19.5,18.8,18.2,17.5,16.9,16.3,15.8,15.2,14.7,14.2
Croatia,,,,,,,,,,,,,,,,,,,,,,20.7,19.4,18.2,17,15.9,14.8,13.8,12.8,12,11.2,11.3,10,9.5,9,8.7,8.3,8,7.7,7.4,7.2,6.9,6.6,6.3,6,5.8,5.5,5.3,5,4.8,4.7,4.5,4.4,4.3,4.2,4.2,4.1,4.1,4,4,4,3.9
Haiti,194,191,188,185,182,179,176,172,169,166,162,159,156,152,148,145,142,138,135,132,129,125,122,119,116,114,111,108,106,103,100,97.8,95.1,92.5,89.8,87.1,84.5,81.8,79.3,76.8,74.4,72.3,70.2,68.4,66.8,65.3,63.9,62.6,61.3,60.1,76.3,57.7,56.6,55.4,54.1,53,51.7,50.5,49.2,48,46.7,45.4
Hungary,47.9,45.4,43.7,42.4,41.3,40,38.8,37.8,36.9,35.9,35,34.4,34.7,35.1,34.4,32.1,29.2,26.6,24.5,22.7,21.3,20.4,19.9,19.7,19.6,19.3,18.7,17.6,16.4,15.6,15.2,14.7,13.8,12.6,11.6,10.8,10.3,9.9,9.5,9.1,8.7,8.2,7.6,7.1,6.7,6.4,6.1,5.8,5.5,5.2,5.1,4.9,4.8,4.7,4.5,4.2,4,3.7,3.5,3.4,3.4,3.3
Indonesia,149,146,142,138,135,145,127,124,120,117,113,110,107,104,101,97.9,95.2,92.5,90,87.6,85.2,82.8,80.5,78.2,75.9,73.5,71.2,68.9,66.6,64.2,61.8,59.4,57.1,54.8,52.6,50.5,48.4,46.4,44.6,42.8,41,39.4,37.8,36.4,37.1,33.6,32.4,31.2,30.1,29,27.9,26.9,25.9,25,24.1,23.2,22.4,21.6,20.8,20.1,19.5,18.9
India,162,160,158,156,154,152,150,149,147,145,144,142,140,137,135,132,129,125,122,119,115,112,109,106,104,101,98.7,96.2,93.6,91.2,88.8,86.5,84.3,82.2,80.1,78,75.8,73.5,71.3,68.9,66.7,64.4,62.1,59.9,57.8,55.7,53.6,51.5,49.3,47.2,45.1,42.9,40.9,38.8,36.9,35,33.2,31.5,29.8,28.3,26.8,25.5
Ireland,30.4,29.2,28.1,27.1,26,24.7,23.4,22,20.8,19.8,19.1,18.6,18.3,17.9,17.5,16.9,16.1,15.2,14.1,13,12,11,10.3,9.7,9.3,8.9,8.6,8.4,8.2,8,7.6,7.2,6.8,6.4,6.2,6.1,6.1,6.1,6.1,6.1,6,5.8,5.5,5.1,4.7,4.4,4.1,3.9,3.8,3.6,3.5,3.5,3.4,3.3,3.3,3.2,3.1,3,2.9,2.9,2.8,2.7
Iran,,,,,,,,,,,,127,122,116,111,106,100,94.1,88.3,82.6,77,71.8,67.2,63.2,59.8,56.7,54,51.4,49,46.6,44.5,42.6,40.8,39.3,37.9,36.5,35.2,33.8,32.5,31,29.6,28.1,26.6,25.1,23.6,22.2,20.9,19.6,18.5,17.4,16.5,15.7,15.1,14.4,13.9,13.4,12.9,12.4,12,11.6,11.2,10.9
Iraq,129,122,116,110,105,100,95.5,91.3,87.4,83.8,80.3,77.1,74,71.1,68.3,65.6,63.1,60.7,58.5,56.5,54.6,52.9,51.3,49.8,48.4,47.1,45.9,44.9,43.9,43,42.3,41.5,40.8,40.2,39.5,38.9,38.2,37.6,36.9,36.3,35.6,35,34.3,33.7,33.1,32.4,31.7,31,30.3,29.5,28.7,27.9,27.1,26.3,25.6,24.8,24.1,23.4,22.7,22.1,21.4,20.7
Iceland,17.3,17,16.7,16.3,15.9,15.4,14.9,14.4,13.8,13.3,12.8,12.4,11.9,11.4,10.9,10.3,9.8,9.2,8.7,8.2,7.8,7.3,6.9,6.6,6.3,6.1,5.8,5.6,5.5,5.3,5.1,4.9,4.8,4.6,4.4,4.2,4,3.8,3.6,3.4,3.2,3,2.8,2.7,2.6,2.4,2.4,2.3,2.2,2.2,2.1,2.1,2.1,2.1,2.1,2.1,2.1,2.1,2.1,2.1,2.1,2.1
Israel,34.4,32.7,31,29.5,28.2,27.1,26.3,25.7,25.2,24.8,24.4,24,23.7,23.3,22.7,21.7,20.3,18.7,17.4,16.3,15.4,14.7,14.1,13.5,12.9,12.2,11.5,11,10.5,10.1,9.7,9.2,8.7,8.2,7.6,7.1,6.7,6.3,6.1,5.8,5.6,5.4,5.2,4.9,4.7,4.5,4.3,4.1,3.9,3.8,3.7,3.5,3.4,3.3,3.2,3.2,3.1,3,2.9,2.8,2.8,2.7
Italy,44.2,42.6,40.9,39.1,37.4,35.8,34.3,33.1,32,30.9,29.7,28.2,26.5,24.5,22.5,20.5,18.7,17.3,16.1,15.1,14.2,13.4,12.7,11.9,11.2,10.5,9.9,9.4,9,8.7,8.4,8.1,7.7,7.3,6.8,6.4,6,5.6,5.3,5,4.7,4.5,4.3,4.1,3.9,3.8,3.7,3.6,3.5,3.4,3.4,3.3,3.2,3.1,3.1,3,2.9,2.8,2.7,2.6,2.4,2.2
Jamaica,60.7,58.5,56.4,54.5,52.7,51.1,49.5,48,46.5,45,43.5,42.1,40.6,39.3,37.9,36.7,35.5,34.4,33.4,32.3,31.4,30.4,29.5,28.7,27.8,27,26.2,25.5,24.8,24.1,23.5,22.9,22.3,21.7,21.1,20.5,20,19.4,18.9,18.4,17.9,17.4,17.1,16.8,16.5,16.2,16,15.8,15.5,15.2,14.8,14.5,14.1,13.7,13.3,12.9,12.5,12.2,11.8,11.4,11,10.7
Jordan,107,101,96,91.1,86.5,82.3,78.4,74.8,71.4,68.3,65.3,62.5,59.9,57.4,55.1,52.9,50.7,48.7,46.8,44.9,43.1,41.4,39.7,38.1,36.6,35.2,33.9,32.7,31.5,30.5,29.5,28.6,27.8,27,26.3,25.6,25,24.4,23.8,23.2,22.6,22,21.4,20.8,20.3,19.7,19.2,18.7,18.2,17.7,17.2,16.8,16.3,15.9,15.5,15,14.6,14.2,13.8,13.4,12.9,12.6
Japan,30.4,27.9,25.5,23.1,21,19.1,17.6,16.3,15.1,14.2,13.4,12.6,11.9,11.2,10.6,10,9.4,8.8,8.3,7.8,7.4,7,6.5,6.2,5.8,5.5,5.2,5,4.8,4.7,4.6,4.5,4.4,4.4,4.2,4.1,4,3.8,3.6,3.4,3.3,3.1,3,2.9,2.8,2.8,2.7,2.6,2.5,2.4,2.3,2.3,2.2,2.1,2.1,2,2,1.9,1.9,1.8,1.8,1.7
Kazakhstan,,,,,,,,,,,,68.7,67.3,65.9,64.6,63.5,62.5,61.5,60.6,59.4,58.1,56.6,55,53.3,51.6,50,48.5,47.1,45.8,44.7,44,43.8,44,44.5,44.9,44.7,44,42.7,40.9,38.9,36.8,34.7,32.6,30.8,29.1,27.4,25.6,23.8,21.9,20,18.2,16.3,14.6,13,11.6,10.6,9.8,9.4,9.1,9.1,9.1,9.1
Kenya,118,113,109,106,104,101,99.4,97.7,96,94.3,92.5,90.6,88.6,86.5,84.3,82,79.7,77.3,74.9,72.6,70.5,68.5,66.8,65.2,64,63.1,62.6,62.5,63,63.9,65,66.2,67.2,67.7,67.6,67.1,66.2,65.1,63.6,61.8,59.8,57.5,55,52.6,50.2,47.4,45,43,40.5,39.4,38.5,37.5,37.1,36,34.7,33.1,32.2,31.6,30.6,29.7,29,28
Kyrgyz Republic,,,,,,,,,,,,,,,,87.9,86.4,85,83.3,81.5,79.3,76.8,74.1,71.1,68.1,64.9,61.8,59,56.5,54.7,53.7,53.6,53.9,54,53.7,52.7,51,49,46.8,44.7,42.5,40.6,38.7,37,35.5,34.1,32.8,31.3,29.6,27.8,26.1,24.5,23.1,21.9,20.9,19.8,18.8,17.8,17,16.3,15.9,15.6
Cambodia,,,,,,,,,,,,,,,,179,167,155,143,129,117,106,97.5,92,88.6,86.7,85.6,85.1,84.9,84.9,84.9,84.8,85,85.4,86,86.6,86.9,86.6,85.6,83.2,79.2,73.6,67.4,61.9,57,52.9,49.4,46.2,43.2,40.2,37.4,34.7,32.3,30.3,28.7,27.3,26,24.9,23.9,23,22.1,21.3
Kiribati,134,131,127,124,120,116,112,108,105,101,97.8,94.9,92.4,90.4,88.9,87.8,87,86.4,85.7,85,84,83,81.9,80.6,79.1,77.4,75.6,73.5,71.3,68.9,66.6,64.3,62.3,60.4,58.7,57.3,56.1,54.9,53.8,52.6,51.5,50.5,49.8,49.4,49.2,49.3,49.5,49.8,49.9,49.7,49.3,48.5,47.7,46.8,45.7,44.7,43.7,42.6,41.5,40.4,39.4,38.3
St. Kitts and Nevis,,,,,,,,,,,,,56.7,54.5,52.5,50.6,48.9,47.2,45.6,43.8,41.8,39.6,37.4,35.2,33.1,31.2,29.5,28.2,27,26.1,25.4,24.8,24.4,24,23.7,23.3,22.8,22.2,21.5,20.8,19.9,19,18.1,17.3,16.5,16,15.5,15.2,14.9,14.7,14.6,14.6,14.6,14.5,14.4,14.2,13.9,13.6,13.3,13,12.6,12.3
South Korea,79.5,76.1,73.1,70,66.9,63.7,60.3,56.9,53.6,50.3,47.2,44.4,42,39.9,38.1,36.7,35.3,34,32.7,31.2,29.7,28,26.2,24.4,22.6,20.8,19.1,17.4,15.9,14.6,13.4,12.4,11.4,10.5,9.7,9,8.3,7.8,7.3,6.8,6.4,6.1,5.8,5.5,5.1,4.8,4.4,4.1,3.9,3.7,3.5,3.4,3.3,3.2,3.1,3,2.9,2.8,2.8,2.7,2.6,2.5
Kosovo,,,,,,,,,,,,,,,,,,,,,,,,,,121,113,106,99.6,93.5,87.9,82.4,77.5,72.7,68,63.5,59.1,54.8,50.6,46.6,42.8,39.2,35.8,32.8,29.9,27.4,25.1,23.1,21.3,19.6,18.2,16.9,15.7,14.7,13.8,13,12.2,11.5,10.8,10.1,9.6,9.1
Kuwait,98.5,92.5,86.7,81.3,76.1,71.3,66.8,62.9,59.2,56,53,50.3,47.6,45.1,42.7,40.3,38.1,35.9,33.7,31.7,29.5,27.3,25,22.9,21.1,19.5,18.3,17.2,16.2,15,14.7,13.2,12.7,12.5,12.4,12.3,12.1,11.9,11.6,11.3,11,10.8,10.6,10.5,10.3,10.1,10,9.8,9.7,9.5,9.2,8.9,8.5,8.2,8,7.8,7.7,7.6,7.6,7.6,7.5,7.5
Lao,,,,,,,,,,,,,,,,,,,146,142,138,135,131,128,125,122,119,116,112,109,106,103,99.7,96.4,93.3,90.3,87.4,84.6,81.8,79.2,76.6,74,71.3,68.7,66.1,63.6,61.1,58.6,56.2,54,51.8,49.7,47.7,45.7,43.8,42.1,40.5,39.1,37.7,36.6,35.4,34.2
Lebanon,56.3,54.7,53.2,51.8,50.6,49.6,48.8,48.1,47.5,47.1,46.7,46.4,46.1,45.8,45.4,44.8,44.1,43.3,42.3,41.3,40.2,39,37.7,36.3,34.9,33.4,32,30.5,29.2,27.9,26.7,25.6,24.5,23.5,22.5,21.6,20.7,19.8,18.9,18.1,17.2,16.3,15.4,14.5,13.6,12.7,12,11.3,10.7,10.1,9.7,9.2,8.9,8.6,8.3,8.1,7.9,7.7,7.6,7.4,7.2,7.1
Liberia,210,210,210,209,208,207,204,202,199,195,192,189,185,182,179,176,173,170,167,165,163,161,159,159,159,160,162,166,169,173,176,177,177,174,170,165,158,151,144,136,128,120,112,104,97.1,90.7,85.3,80.9,77.2,74.3,71.9,69.9,68.3,66.9,67.8,64.6,63.2,62.1,60.9,59.6,58.2,56.7
Libya,162,154,146,139,132,125,118,112,106,100,95.1,90.1,85.3,80.7,76.4,72.4,68.8,65.5,62.5,59.7,57.1,54.7,52.4,50.1,47.9,45.8,43.6,41.5,39.5,37.5,35.7,33.9,32.3,30.9,29.6,28.5,27.4,26.5,25.6,24.9,24.1,23.4,22.7,21.9,21,19.8,18.6,17.3,16.1,15.1,14.2,15,12.9,12.3,11.8,11.4,10.9,10.6,10.2,9.9,9.5,9.2
St. Lucia,111,106,101,95,88.8,82.5,76.2,70.1,64.3,58.9,53.9,49.3,45.2,41.5,38.2,35.3,32.7,30.5,28.5,26.8,25.3,24.1,23,22,21.2,20.5,19.8,19.2,18.7,18.2,17.8,17.4,17.1,16.8,16.5,16.3,16.1,15.9,15.8,15.7,15.6,15.6,15.7,15.7,15.9,16,16.2,16.4,16.7,17,17.3,17.7,18.1,18.6,19.1,19.6,20.1,20.7,21.2,21.7,22.1,22.4
Sri Lanka,68.1,65.4,63.6,62.3,61.1,59.7,58.1,56.4,54.9,53.8,53,52.4,51.9,51.3,50.3,49,47.1,44.8,42.1,39.4,36.8,34.6,32.4,30.1,27.6,25.2,23,21.3,20.2,21.2,19.4,19.1,18.7,18.2,17.6,17,16.4,15.9,15.3,14.7,14.2,13.8,13.4,13,17.6,12.1,11.5,10.8,10.3,13.6,9.6,9.3,8.9,8.4,8,7.5,7.1,6.8,6.5,6.2,6,5.8
Lesotho,139,139,139,140,141,141,141,140,139,137,134,131,129,126,122,118,114,110,105,100,95.7,91.3,87.2,83.5,80.2,77.3,74.8,72.6,70.7,69.1,67.8,66.9,66.5,66.6,67.1,67.5,67.5,67.3,67.4,67.7,68.3,68.8,69.3,70,71.1,72.3,72.5,71.2,73.8,70.1,67,64.5,64.8,64.9,63.8,63.2,63,62,60.8,60,58.4,57
Lithuania,,,,,,,,21.4,20.7,19.6,18.1,16.8,16.3,16.8,17.5,17.9,17.8,17.4,17,16.6,16.1,15.6,15.1,14.7,14.3,13.7,12.9,12,11.3,11.1,11.9,13.3,14.3,14.2,13.3,12,10.7,9.8,9.3,8.9,8.6,8.2,7.9,7.7,7.5,7.2,6.9,6.5,5.9,5.4,4.9,4.5,4.2,4.1,4.1,4,3.8,3.6,3.3,3.1,2.9,2.7
Luxembourg,32,30.3,28.7,27.1,25.7,24.4,23.2,22.1,21,19.9,18.9,17.8,16.8,15.8,14.9,14,13.3,12.7,12.1,11.6,11.2,10.8,10.5,10.1,9.8,9.4,9,8.6,8.2,7.8,7.4,6.9,6.5,6.1,5.6,5.3,4.9,4.6,4.3,4,3.8,3.5,3.3,3.1,2.9,2.8,2.6,2.5,2.5,2.4,2.3,2.3,2.3,2.3,2.3,2.3,2.3,2.3,2.3,2.3,2.3,2.2
Latvia,,,,,,,,,,,,,,,,,,,,15.2,15.3,15.3,15.1,14.7,14.1,13.2,12.4,11.9,11.8,12.2,13.1,14.2,15.2,15.7,15.8,15.6,15.2,14.4,13.3,12.3,11.5,10.8,10.3,9.7,9.1,8.6,8.1,7.7,7.3,6.9,6.5,6.1,5.6,5.1,4.6,4.3,4,3.8,3.6,3.4,3.3,3.2
Morocco,146,144,142,139,137,134,131,129,126,124,122,120,118,116,113,111,108,105,101,97.8,94.3,90.9,87.5,84.1,80.7,77.4,74.2,71.2,68.5,65.9,63.6,61.3,59.2,57.1,55,53,51.1,49.2,47.4,45.7,44,42.3,40.6,38.9,37.2,35.4,33.6,31.8,30.1,28.4,26.9,25.4,24,22.7,21.4,20.3,19.2,18.3,17.5,16.7,16.1,15.4
Monaco,,,,,,,,,,,,,,,,,,,,,,,,,,5.7,5.3,4.9,4.6,4.3,4.1,3.8,3.6,3.5,3.3,3,2.8,2.5,2.3,2.1,1.9,1.8,1.6,1.5,1.5,1.4,1.4,1.3,1.3,1.3,1.2,1.2,1.2,1.2,1.1,1.1,1.1,1.1,1,1,1,1
Moldova,,,,,,,,,,,,49.4,48.1,46.9,45.7,44.5,43.4,42.3,41.3,40.4,39.4,38.4,37.2,35.8,34.2,32.7,31.3,29.8,28.7,27.9,27.6,27.8,28.6,29.6,30.7,31.4,31.6,31.1,30,28.3,26.1,23.8,21.6,19.7,18.1,17,16.1,15.6,15.2,14.9,14.7,14.5,14.2,14,13.8,13.6,13.4,13.1,12.9,12.7,12.5,12.2
Madagascar,,,,,,,,,90,91,92,93,94.1,95.4,96.8,98.1,99.3,100,101,103,104,105,106,107,107,107,106,104,101,98.4,95.5,92.6,89.9,87.3,84.6,81.9,79.1,76.1,73.2,70.2,67.5,64.8,62.4,60.1,57.9,55.8,53.9,52.2,50.6,49.2,48,47.1,46.3,45.8,45.5,45.2,45.1,45.1,45.2,45.3,45.3,45.3
Maldives,,,,,,206,199,193,186,180,173,166,158,150,143,135,128,121,115,109,104,98.6,93.6,89,84.7,80.5,76.6,72.9,69.3,66,62.8,59.8,56.8,53.9,50.9,47.8,44.7,41.5,38.3,35,31.8,28.6,25.6,22.8,21.4,18.3,16.5,15.1,13.9,12.8,11.9,11.1,10.4,9.7,9,8.4,7.7,7.1,6.5,6,5.5,5.1
Mexico,107,103,99.2,95.7,92.5,89.4,86.6,83.8,81.2,78.7,76.2,73.7,71.4,69,66.7,64.5,62.3,60.1,58,56,53.9,51.9,49.9,48,46.1,44.4,42.6,40.9,39.3,37.8,36.2,34.8,33.3,32,30.6,29.4,28.2,26.9,25.8,24.7,23.7,22.7,21.8,21,20.2,19.5,18.8,18.1,17.5,17,16.4,15.9,15.4,14.9,14.4,13.9,13.5,13.1,12.6,12.2,11.8,11.4
Marshall Islands,85.5,81.8,78.3,75.2,72.1,69.5,67.1,64.7,62.4,60.3,58.3,56.4,54.8,53.6,52.5,51.8,51.2,50.7,50.2,49.6,49,48.1,47.2,46.2,45.1,43.9,42.7,41.5,40.3,39,37.7,36.5,35.3,34.4,33.7,33.3,33.2,33.3,33.6,33.8,33.9,33.9,33.9,33.7,33.5,33.2,32.9,32.6,32.4,32.1,31.8,31.5,31,30.4,29.8,29.2,28.5,27.8,27.1,26.3,25.6,24.8
North Macedonia,,,,,,,,,,,,,,,,,,,,,,52.7,50.3,47.6,45.9,45.3,44.5,42.5,39.4,36.1,33.3,31.2,29.8,28.3,25.7,22,18.9,17.3,16.4,15.5,14.3,13.2,12.8,12.8,12.7,12.2,11.5,10.9,10.3,9.8,9.2,8.8,9,9.4,9.8,10,9.6,8.5,7.1,6,5.2,4.6
Mali,,,,206,203,200,196,193,190,188,185,182,179,176,173,169,165,162,158,154,151,147,143,140,137,133,130,128,125,123,120,119,117,115,114,112,111,109,107,104,102,99,96.3,93.7,91.2,88.7,86.5,84.3,82.2,80.3,78.4,76.6,74.9,73.2,71.7,70.2,68.7,67.3,65.9,64.4,63,61.6
Malta,36.1,34.2,32.9,32,31.1,30.3,29.4,28.4,27.3,26.1,24.9,23.7,22.5,21.3,20.1,19.1,18,17.1,16.3,15.6,15,14.4,13.9,13.4,12.9,12.3,11.8,11.3,10.8,10.4,10,9.7,9.3,9,8.7,8.3,7.9,7.6,7.3,7,6.7,6.5,6.3,6.2,6.1,6,6,6,6,6,6,6,5.9,5.9,5.8,5.8,5.7,5.6,5.5,5.3,5.2,5.1
Myanmar,,,,,,,,,123,121,119,117,115,113,110,108,106,104,102,99.8,97.9,96.1,94.3,92.7,91.1,89.6,88,86.5,84.9,83.3,81.7,80,78.4,76.7,74.9,73.2,71.5,69.8,68.2,66.7,65.1,63.6,62.1,60.5,58.9,57.3,55.6,53.9,63.4,50.3,48.6,46.8,45.1,43.5,42.1,40.7,39.4,38.1,37,35.8,34.7,33.7
Montenegro,,,,,,,,,,,,,,,,,,,,,,,,,24.9,22.6,20.5,18.6,17,15.8,14.8,14.2,13.8,13.6,13.5,13.5,13.5,13.4,13.3,13,12.6,12.1,11.4,10.7,10,9.2,8.5,7.8,7.1,6.4,5.8,5.3,4.7,4.3,3.9,3.5,3.1,2.8,2.5,2.3,2.1,1.9
Mongolia,,,,,,,,,,,,,,,,,,,119,115,111,108,104,101,97.6,94,90.3,86.7,83.2,79.8,76.7,73.8,71.1,68.6,66.2,63.6,60.9,58.1,55.1,52,48.8,45.4,42.1,38.9,35.9,33.1,30.6,28.2,25.9,23.9,22.1,20.6,19.4,18.3,17.4,16.6,15.9,15.1,14.4,13.8,13.2,12.7
Mozambique,,,,,180,181,182,183,183,184,184,183,183,182,182,181,180,179,179,179,179,179,179,178,176,174,172,170,167,166,163,161,158,155,150,145,140,133,126,119,112,106,100,94.8,90.2,86.2,82.3,77.1,74.6,71.5,71.1,67.8,65.4,63.4,61.9,60.4,58.9,56.7,55.2,53.6,52.5,51
Mauritania,130,128,125,122,119,116,113,110,107,105,104,103,103,103,103,102,101,99.3,97.3,95.1,93,90.9,88.8,86.6,84.1,81.2,78.4,75.9,73.9,72.3,71.2,70.5,69.9,69.5,69.1,68.6,68.1,67.3,66.1,64.6,62.7,60.4,57.9,55.2,52.5,49.9,47.6,45.7,44,42.7,41.6,40.6,39.8,39,38.1,37.2,36.4,35.5,34.7,33.8,33,32.2
Mauritius,71.5,67.9,63.2,59.6,58.7,61.2,64.9,67.2,67.2,64.5,60.2,57,56.5,56.9,54.8,49.3,43.2,38.9,36.3,34.6,33.2,31.3,28.3,25.3,23.8,24.1,24.8,24.6,23.2,21.6,20.1,19.1,18.6,18.7,19.1,19.8,20.3,20.2,19.4,18.1,16.6,15.3,14.4,13.8,13.5,13.4,13.2,13,12.7,12.5,12.5,12.7,12.9,13,12.9,12.9,12.9,13.3,13.8,14.5,14.9,15.3
Malawi,,,,,,,213,212,210,208,206,203,199,194,189,183,177,171,164,158,153,148,146,146,147,149,151,151,150,147,143,138,133,128,124,120,117,114,111,106,100,92.6,84.5,76.7,70,64.9,61.5,59.3,56.2,54.1,52,48.5,45.6,42.8,40.4,38.6,36.9,35.5,34.2,33,32.1,31.2
Malaysia,68.3,64.3,60.7,57.4,54.5,52,49.8,47.9,46.3,44.7,43.2,41.6,39.8,37.9,36,34,32.1,30.3,28.5,26.8,25.2,23.6,22.2,20.9,19.6,18.5,17.5,16.5,15.7,15,14.3,13.6,13,12.4,11.9,11.5,11.1,10.7,10.1,9.4,8.7,8.1,7.6,7.3,7.1,7,7,7,7,7,7,6.9,6.9,6.9,6.9,7,7,6.9,6.9,6.7,6.6,6.5
Namibia,,,,,,,,61.8,62,62.2,62.5,62.8,63.1,63.5,63.9,64.4,64.9,65.3,65.6,65.6,65.3,64.4,63.1,61.5,59.5,57.4,55.4,53.5,51.8,50.2,48.9,47.7,47,46.6,46.6,47,47.4,47.6,47,46,44.9,44,43.3,42.8,42.1,39,37.3,37.8,37.8,38.8,36.9,37.2,38.3,36,33.5,33.3,32.6,32,31.5,30.7,30,29.4
Niger,,,,,,,,129,131,132,134,135,137,138,138,138,137,135,133,132,131,131,131,133,134,136,137,137,137,136,134,132,129,125,121,116,112,108,105,101,98.2,94.7,90.9,86.9,82.9,79,75.6,72.5,69.9,67.7,65.8,64.4,63.3,62.4,61.8,61.3,60.9,60.6,60.4,60.2,59.9,59.5
Nigeria,,,,,194,190,185,181,177,173,168,164,158,153,149,144,139,135,131,128,126,124,123,123,123,123,124,124,124,124,124,124,124,123,122,121,120,118,115,112,110,107,104,101,97.9,95,92.4,89.9,87.8,86,84.4,83.2,82,81.1,80.2,79.3,78.3,77.1,75.5,73.9,72.3,70.6
Nicaragua,133,132,130,129,128,126,125,123,121,119,117,114,119,108,104,100,95.7,91.1,86.4,81.8,77.4,73.3,69.6,66.2,63.3,60.8,58.6,56.6,54.7,52.9,50.9,48.9,46.8,44.7,42.6,40.6,38.6,36.7,37.5,33.2,31.6,30.1,28.8,27.5,26.4,25.3,24.2,23.2,22.2,21.3,20.4,19.5,18.7,17.8,16.9,16.1,15.2,14.4,13.6,12.8,12.1,11.4
Netherlands,16.5,16,15.6,15.2,14.9,14.5,14.2,13.8,13.4,13,12.6,12.2,11.7,11.3,10.9,10.5,10.1,9.7,9.3,9,8.8,8.5,8.4,8.2,8,7.9,7.7,7.5,7.2,7,6.8,6.6,6.3,6.1,5.9,5.7,5.5,5.4,5.3,5.2,5.1,5,4.9,4.8,4.6,4.5,4.3,4.1,4,3.9,3.7,3.7,3.6,3.5,3.5,3.5,3.5,3.5,3.5,3.5,3.5,3.5
Norway,18.4,17.9,17.5,17.1,16.6,16,15.4,14.8,14.2,13.7,13.2,12.7,12.1,11.6,11,10.5,9.9,9.3,8.8,8.4,8.2,8,8,8.1,8.2,8.3,8.3,8.2,7.9,7.5,7,6.4,5.9,5.4,5,4.6,4.4,4.3,4.1,4,3.9,3.8,3.7,3.6,3.4,3.3,3.2,3,2.9,2.8,2.7,2.5,2.5,2.4,2.3,2.2,2.1,2.1,2,1.9,1.8,1.8
Nepal,218,215,212,208,204,200,195,190,186,181,177,173,170,166,163,159,155,151,147,143,139,135,131,127,123,119,114,110,106,101,96.4,91.9,87.6,83.4,79.4,75.6,71.9,68.4,65,61.8,58.7,55.8,53.1,50.5,48.2,45.9,43.8,41.9,40,38.3,36.6,35,33.5,32,30.6,29.2,27.9,26.6,25.5,24.5,23.6,22.8
Nauru,,,,,,,,,,,,,,,,,,,,,,,,,,62.8,60.2,57.8,55.5,53.3,51.1,49,46.9,44.8,42.9,41.1,39.5,38,36.6,35.4,34.3,33.4,32.6,32,31.6,31.3,31.2,31.2,31.2,31,30.7,30.1,29.5,28.9,28.2,27.5,26.8,26.1,25.4,24.7,23.9,23.2
New Zealand,22.5,21.7,20.9,20,19.3,18.7,18.3,17.9,17.6,17.2,16.9,16.5,16.2,15.8,15.4,14.9,14.5,14,13.5,13.1,12.8,12.4,12.1,11.9,11.6,11.3,11,10.6,10.1,9.7,9.2,8.7,8.2,7.8,7.5,7.2,6.9,6.7,6.5,6.3,6.1,5.9,5.8,5.7,5.6,5.5,5.4,5.3,5.3,5.2,5.2,5.1,5,4.8,4.7,4.6,4.4,4.3,4.2,4.1,4,3.9
Oman,,,,217,207,198,188,179,170,161,153,145,137,130,122,115,107,100,92.8,85.7,78.9,72.3,66.1,60.2,54.8,49.9,45.4,41.4,37.8,34.6,31.7,29,26.6,24.3,22.3,20.4,18.9,17.4,16.2,15.1,14.1,13.2,12.4,11.8,11.3,11,10.7,10.5,10.3,10.2,10.1,10,9.9,9.8,9.7,9.6,9.5,9.4,9.3,9.1,8.9,8.7
Pakistan,185,179,173,167,163,158,154,151,148,145,142,140,138,136,134,132,131,129,128,126,125,123,121,120,118,116,114,113,111,109,107,105,103,101,98.6,96.3,93.9,91.5,89.2,86.9,84.8,82.9,81.1,79.6,78.1,76.8,75.5,74.2,72.9,71.6,70.2,68.7,67.1,65.5,63.9,62.2,60.6,59,57.4,55.9,54.4,52.8
Panama,66.9,65.1,63.4,61.7,60,58.4,56.9,55.4,53.9,52.2,50.4,48.6,46.6,44.7,42.8,41.2,39.8,38.5,37.4,36.3,35.3,34.2,33.2,32.1,31.1,30.1,29.2,28.3,27.5,26.8,26.1,25.5,25,24.5,24.1,23.7,23.4,23.1,22.7,22.4,21.9,21.4,20.9,20.5,20,19.5,19,18.5,18,17.5,16.9,16.5,15.9,15.4,15,14.6,14.1,13.7,13.2,12.8,12.4,11.9
Peru,136,133,130,126,123,119,116,112,110,107,114,102,99.1,96.6,94.1,91.8,89.8,87.9,86.3,84.8,83.2,81.4,79.3,77,74.3,71.2,68.1,65,62.1,59.3,56.6,54,51.3,48.5,45.7,42.7,39.8,37,34.3,31.6,29.3,27.1,25.1,23.4,21.9,20.5,19.3,18.2,17.2,16.3,15.5,14.8,14.2,13.7,13.2,12.8,12.5,12.2,11.9,11.6,11.3,11
Philippines,65.7,64,62.5,61.2,60.1,59,58,57.1,56.3,55.6,55,54.7,54.5,54.4,54.4,54.3,54.2,54.1,53.8,53.4,52.9,52.3,51.7,51,50.1,48.9,47.5,45.8,43.9,41.9,39.9,38,36.4,34.9,33.6,32.4,31.4,30.6,29.8,29.2,28.7,28.2,27.8,27.3,26.9,26.5,26.1,25.7,25.4,25.1,24.8,24.5,24.3,24,23.7,23.4,23.1,22.7,22.2,21.6,21,20.5
Palau,,,,,,,,,,,,,,,,,,,,,,,,,,30.7,30.4,30.2,30,30,30,29.8,29.6,29.3,28.8,28.2,27.7,27.1,26.5,26,25.5,25.1,24.7,24.3,24,23.6,23.2,22.8,22.3,21.7,21.2,20.6,20.1,19.5,18.9,18.3,17.7,17.2,16.6,16.2,15.7,15.1
Papua New Guinea,133,129,126,122,118,115,112,108,105,102,99,96.1,93.3,90.7,88.2,85.7,83.4,81.3,79.2,77.3,75.5,73.8,72.2,70.7,69.3,68,66.8,65.6,64.5,63.4,62.4,61.3,60.4,59.4,58.5,57.6,56.7,55.9,55.1,54.4,53.6,52.9,52.1,51.3,50.5,49.6,48.8,47.9,46.9,45.9,45,44,43.1,42.1,41.2,40.3,39.3,38.3,37.3,36.4,35.4,34.4
Poland,58,53.5,49.8,46.4,43.3,40.5,37.9,35.8,34.3,33.2,31.9,30.3,28.6,26.9,25.5,24.5,23.7,23.1,22.4,21.7,21,20.5,19.9,19.2,18.5,17.8,17.1,16.5,16,15.6,15.2,14.7,14.3,13.9,13.4,12.6,11.5,10.4,9.4,8.7,8.1,7.6,7.3,7,6.8,6.5,6.3,6.1,5.8,5.4,5.1,4.9,4.7,4.5,4.3,4.2,4.1,4,3.9,3.8,3.7,3.7
North Korea,,,,,,,,,,,,,,,,,,,,,,,,,,27.7,27.4,27.8,28.9,30.7,33.4,36.9,41.1,45.5,49.8,53.2,55.1,55,53.1,49.4,44.5,39.1,34.2,30.4,27.8,26.4,26,25.7,25.2,24.4,23.1,21.5,19.8,18.3,17,16,15.1,14.4,13.7,13.1,11.6,10.1
Portugal,84.6,82.4,79,74.6,70,66,63.2,61.3,60.1,58.6,55.9,51.7,47.1,43.1,39.5,36,32.6,29.5,26.8,24.6,22.7,21.2,19.9,18.7,17.6,16.5,15.5,14.5,13.5,12.5,11.5,10.6,9.7,8.8,8.1,7.4,7,6.6,6.3,5.9,5.5,5.1,4.7,4.3,3.9,3.6,3.4,3.3,3.2,3.1,3.1,3,3,3,3,3,3,3,2.9,2.8,2.7,2.5
Paraguay,60.7,60.2,59.9,59.5,59.3,59.1,58.9,58.6,58.4,58.1,57.7,57.3,56.8,56.2,55.5,54.7,53.9,53,52,50.9,49.7,48.4,47,45.7,44.2,42.8,41.5,40.2,38.9,37.6,36.4,35.2,34.1,33.1,32.1,31.3,30.5,29.8,29.1,28.5,27.9,27.3,26.8,26.2,25.6,25,24.4,23.7,23.1,22.5,21.9,21.3,20.6,20,19.5,18.9,18.3,17.7,17.1,16.6,16.1,15.6
Palestine,,,,,,,,,,,,,,,,76.8,72.7,68.9,65.4,62,58.9,56,53.2,50.5,48,45.7,43.4,41.3,39.4,37.6,36,34.5,33.1,31.9,30.8,29.7,28.7,27.8,26.9,26,25.3,24.6,23.9,23.3,22.6,22,21.3,20.7,20,19.4,18.8,18.2,17.5,16.9,17.2,15.8,15.2,14.7,14.1,13.7,13.2,12.8
Qatar,,,,,,,,,,53.7,50.6,47.7,44.9,42.3,40,37.9,35.9,34.2,32.6,31.1,29.8,28.5,27.3,26.1,24.9,23.7,22.6,21.4,20.2,19,17.8,16.6,15.6,14.7,13.8,13.1,12.5,12,11.6,11.2,10.7,10.4,10,9.6,9.3,9,8.7,8.4,8.2,8,7.8,7.7,7.5,7.2,7,6.6,6.3,5.9,5.5,5.2,4.8,4.5
Romania,73.1,67.3,59.7,51.8,46.2,45.2,49.3,54.5,55.6,52.3,47.3,42.6,39.1,37.3,36.3,35.1,33.2,31.3,30.2,29.5,28.6,27.3,25.8,24.7,24.1,24.5,25.8,27,26.9,25.7,24.4,23.4,22.8,22.4,22.2,22.1,21.9,21.4,20.4,19.1,18,17.4,17.1,16.9,16.5,15.6,14.3,12.9,11.9,11.1,10.6,10,9.5,8.9,8.3,7.7,7.1,6.6,6.1,5.8,5.5,5.3
Russia,,,,,,,,,,,30.4,29.1,27.9,26.7,25.7,24.8,24.1,23.5,22.9,22.5,22,21.6,21.2,20.9,20.4,20,19.4,18.7,18.1,17.6,17.3,17.3,17.4,17.6,17.7,17.6,17.4,17.1,16.7,16.2,15.5,14.8,13.9,13,12,11.1,10.3,9.6,9,8.6,8.4,8.2,7.9,7.6,7.2,6.6,6.1,5.6,5.1,4.7,4.4,4.1
Rwanda,130,128,126,125,124,124,125,126,127,129,131,133,135,138,142,145,148,148,145,138,129,120,112,105,101,97.6,94.7,92.3,90.3,89.7,91.7,96.8,104,113,190,130,131,129,125,118,110,100,90.2,81.3,72.8,65.6,59.5,54.5,50.3,47.1,44.1,40.8,39,37.3,35.8,34.7,33.8,32.9,32.1,31.2,30.4,29.7
Saudi Arabia,,,,,,,,,,,,,109,103,97,91.3,86.1,81.1,76.3,71.8,67.7,63.7,60,56.4,53,49.8,46.7,43.7,40.8,38,35.5,33.1,31,29,27.1,25.4,23.9,22.4,21.1,19.9,18.8,17.7,16.7,15.8,15,14.2,13.4,12.6,11.9,11.2,10.5,9.9,9.3,8.8,8.3,7.8,7.4,6.9,6.6,6.3,6,5.7
Sudan,107,105,104,103,101,100,99.1,98.2,97.4,96.6,96.1,95.5,95.1,94.6,94.1,93.6,93,92.4,91.8,91.2,90.6,90,89.4,114,113,111,86.7,85.7,84.7,83.5,82.4,81.1,79.8,78.5,77.1,75.6,74.1,72.4,70.7,68.9,67,65.1,63.2,61.3,59.5,57.8,56.3,54.8,53.4,52.1,50.9,49.7,48.6,47.5,46.4,45.3,44.2,43.1,42,41,39.9,38.9
Senegal,128,128,128,129,129,129,129,129,128,127,126,124,122,119,116,112,109,105,101,97.8,95,92.5,90.3,88.1,85.7,83,80,77.1,74.5,72.4,71,70.3,70.1,70.2,70.6,71,71.2,71.2,70.7,69.5,67.7,65.2,62.3,59.2,56.1,53.2,50.5,48.2,46.1,44.3,42.7,41.1,39.7,38.2,36.9,35.5,34.3,33,31.9,30.9,30,29.1
Singapore,35.5,32.8,30.7,29.2,28.2,27.4,26.4,25.2,23.9,22.7,21.7,20.7,19.5,17.9,15.9,14,12.7,12.3,12.3,12.3,12,11.5,10.7,9.9,9.3,8.8,8.3,7.9,7.4,6.8,6.1,5.5,5,4.5,4.2,4,3.8,3.6,3.5,3.3,3,2.8,2.6,2.5,2.4,2.3,2.3,2.3,2.3,2.3,2.3,2.2,2.2,2.2,2.2,2.2,2.2,2.2,2.1,2,1.8,1.7
Solomon Islands,116,112,107,103,98.2,93.7,89.3,84.8,80.3,75.8,71.3,67.1,63.1,59.3,55.9,55.6,50,47.4,45.1,43,41.2,39.7,38.3,37.1,36.1,35.1,34.2,33.3,32.6,31.8,31.1,30.4,29.7,29,28.3,27.7,27.2,26.7,26.3,25.9,25.6,25.3,25.1,24.9,24.7,24.4,24.1,23.7,23.3,22.8,22.2,21.6,21,20.4,19.9,19.4,18.8,18.2,17.7,17.1,16.6,16.1
Sierra Leone,220,217,214,211,208,205,202,199,196,193,190,187,185,182,180,177,175,173,171,169,167,166,164,163,161,160,159,158,157,156,155,154,153,152,151,149,148,146,143,141,139,136,133,131,128,125,121,118,115,111,108,104,101,98,96,95.5,90.1,87.6,85.2,82.8,80.5,78.3
El Salvador,125,122,120,118,116,114,112,110,108,106,104,102,99.3,96.9,94.3,91.6,88.7,85.5,82.4,79,83.2,72.3,68.9,65.6,62.3,59.2,56.2,53.5,51,48.6,46.3,44.1,42,40,37.9,35.9,34,32.2,30.5,28.9,27.4,26,24.7,23.4,22.3,21.1,20.1,19.1,18.2,17.4,16.5,15.7,15,14.4,13.8,13.3,12.8,12.3,11.9,11.5,11.1,10.7
San Marino,,,,,,,,,,,,,,,,,,,,,,,,,,20.1,18.2,16.6,15.1,13.6,12.4,11.3,10.2,9.3,8.4,7.7,7,6.4,5.9,5.4,5,4.6,4.3,3.9,3.7,3.4,3.2,3,2.8,2.7,2.5,2.4,2.3,2.2,2.1,2,1.9,1.8,1.7,1.6,1.6,1.5
Somalia,,,,,,,,,,,,,,,,,,,,,,,,,116,115,114,113,112,110,109,106,105,105,105,105,105,105,105,105,105,105,105,105,105,105,104,103,101,98.8,96.3,93.7,91.2,88.6,86.2,83.7,81.4,79.1,77.1,74.9,72.9,71.1
Serbia,,,,,,,,,,,,,,,,,,,,,,,,,34.9,33.7,32.6,31.1,29,26.6,24.4,22.6,21.2,19.8,18.5,16.8,15.1,13.5,12.3,11.5,10.9,10.4,9.8,9.1,8.4,7.8,7.4,7.1,6.9,6.7,6.6,6.4,6.1,5.9,5.7,5.5,5.3,5.1,5,4.9,4.8,4.7
South Sudan,,,,,,,,,,,,,,,,,,,175,173,172,170,168,165,163,161,159,157,154,151,149,146,143,139,135,131,127,123,119,114,109,104,99.8,95.2,90.9,86.8,83.1,79.5,76,72.8,69.6,67,65.1,64,63.8,63.8,63.8,63.8,63.8,63.8,63.8,63.8
Sao Tome and Principe,,,,,,62.1,60.4,58.9,57.7,56.9,56.6,56.6,56.8,57.2,57.6,57.9,58.2,58.4,58.7,59,59.5,60.2,61.1,62.2,63.4,64.7,69.8,66.9,67.9,68.8,69.5,69.8,69.8,69.5,68.6,67.3,65.4,63.1,60.5,57.6,54.5,51.4,48.2,45.2,42.3,39.5,36.8,34.4,32.1,29.9,27.8,25.8,23.9,22,20.2,18.6,17.1,15.7,14.5,13.6,12.8,12.1
Suriname,,,,,,,,,,,,,,,,,,,,,,,,48.1,46.6,45.2,43.9,42.5,41.2,40,38.8,37.5,36.4,35.2,34,32.8,31.7,30.6,29.5,28.5,27.5,26.7,25.8,25.1,24.3,23.6,23,22.4,21.8,21.3,20.7,20.2,19.7,19.3,18.7,18.3,17.8,17.3,16.8,16.3,15.8,15.4
Slovak Republic,,,,,,,,,,,,,,,,,,,,,,18.9,18.1,17.3,16.5,15.8,15.1,14.4,13.8,13.2,12.6,12.1,11.6,11.1,10.6,10.1,9.7,9.3,8.9,8.5,8.2,7.9,7.6,7.3,7.1,6.8,6.6,6.4,6.2,6,5.8,5.6,5.5,5.4,5.3,5.1,5.1,5,4.9,4.8,4.7,4.6
Slovenia,,,,,,,,,,,,,,,,,,,,,,15.4,14.6,13.8,13,12.3,11.5,10.8,10.1,9.4,8.8,8.2,7.6,7.1,6.6,6.2,5.8,5.4,5.1,4.8,4.6,4.3,4.1,3.9,3.7,3.5,3.3,3.1,2.9,2.8,2.6,2.5,2.4,2.3,2.2,2.1,2,2,1.9,1.9,1.8,1.8
Sweden,16.3,16,15.6,15,14.3,13.7,13.1,12.6,12.1,11.7,11.3,10.9,10.4,9.8,9.3,8.7,8.3,7.9,7.6,7.4,7.1,6.9,6.8,6.6,6.5,6.4,6.3,6.3,6.2,6.1,5.9,5.6,5.2,4.8,4.4,4,3.8,3.6,3.5,3.4,3.4,3.4,3.3,3.2,3.1,3,2.8,2.7,2.6,2.6,2.5,2.5,2.4,2.4,2.4,2.4,2.3,2.3,2.2,2.1,2.1,2
Eswatini,140,138,136,133,131,129,126,124,121,118,116,113,109,106,102,98.7,95,91.3,87.7,84.2,80.8,77.3,73.8,76.3,66.7,63.4,60.3,57.5,55,53.2,51.8,51.4,51.8,53.3,55.6,58.7,61.6,63.7,65.5,66.6,67.7,68.9,69.8,70.6,70.2,70,61.1,62.1,64.2,61.2,58.4,54.7,53.8,52.7,53.4,50.1,48.1,49,45.4,43.9,44.2,41.5
Seychelles,74.9,74,73,71.9,70.6,69.1,67.2,65,62.5,59.5,56.4,53.2,50,46.7,43.4,40.1,36.8,33.6,30.6,27.8,25.3,23.1,21.3,19.8,18.5,17.4,16.5,15.8,15.1,14.5,14,13.6,13.2,12.8,12.6,12.4,12.2,12.1,12,12,11.9,11.9,12,12,12,12,12.1,12.1,12.2,12.2,12.3,12.3,12.4,12.4,12.5,12.5,12.5,12.6,12.5,12.4,12.2,12
Syria,116,110,106,102,97.8,94,90.2,86.4,82.5,78.6,74.8,71.2,67.9,64.9,62,59.3,56.6,53.9,51.3,48.8,46.4,46.5,48.5,39.9,38,36.4,34.8,33.5,32.3,31.1,30.1,29,27.9,26.8,25.6,24.5,23.3,22.3,21.3,20.4,19.6,18.8,18.2,17.6,17.2,16.8,16.5,16.3,16.2,16.2,16.2,16.8,23.5,27,27.8,25.8,25.2,19.1,19.2,18.8,18.8,18.4
Turks and Caicos Islands,102,95.2,89,83,77.4,72,66.8,61.9,57.3,53,48.9,45.2,41.6,38.3,35.2,32.4,29.8,27.5,25.3,23.4,21.7,20.2,18.8,17.5,16.4,15.4,14.4,13.6,12.8,12.1,11.4,10.9,10.3,9.8,9.3,8.9,8.5,8.1,7.8,7.4,7.1,6.8,6.5,6.3,6,5.8,5.6,5.4,5.3,5.1,5,4.9,4.8,4.6,4.5,4.4,4.3,4.2,4.1,4,3.9,3.8
Chad,,,,,,,,,,,,,129,129,128,127,127,126,125,125,124,123,122,121,119,118,117,116,114,113,112,111,109,108,107,106,105,104,103,101,99.9,98.4,97,95.5,94.1,92.6,91.1,89.4,87.8,86.1,84.4,82.7,81,79.3,77.8,76.1,74.5,72.7,71,69.3,67.6,66
Togo,155,153,151,150,148,146,143,141,139,136,133,131,128,125,123,120,118,115,113,110,108,106,104,102,99.6,97.8,96.2,94.7,93.3,92.1,90.9,89.8,88.7,87.5,86.2,84.8,83.2,81.5,79.6,77.7,75.7,73.8,71.8,69.9,68.1,66.3,64.6,63,61.5,59.9,58.3,56.8,55.3,53.8,52.3,50.9,49.5,48.2,46.8,45.6,44.5,43.4
Thailand,101,98.2,95.1,92,89,86,83.1,80.2,77.2,74.2,71.3,68.3,65.5,62.7,60.1,57.6,55.3,53,50.9,48.9,46.9,45,43.2,41.5,39.8,38.1,36.5,34.9,33.3,31.8,30.3,28.9,27.5,26.1,24.9,23.7,22.6,21.6,20.6,19.6,18.7,17.8,17,16.2,15.5,14.7,14.1,13.4,12.8,12.2,11.7,11.1,10.6,10.2,9.7,9.3,8.9,8.4,8.1,7.7,7.4,7.1
Tajikistan,,,,,,,,,,,,,118,114,111,108,105,103,102,101,100,99.6,98.9,97.7,95.7,92.8,89.2,85.7,82.7,81,81,82.9,86,88.5,89,87.6,84.8,81.1,76.8,72.3,67.6,63,58.6,54.5,50.6,47.2,44.3,41.8,39.9,38.3,37,36,35,34.2,33.4,32.6,31.8,31,30.2,29.4,28.5,27.6
Turkmenistan,,,,,,,,,,,,,,,,,,102,98.9,95.6,92.4,89.1,85.8,82.6,79.4,76.1,73.1,70.3,67.9,65.9,64.5,63.9,63.9,64.2,64.7,65,64.6,63.8,62.2,60.1,57.6,54.8,52,49.3,46.7,44.4,42.4,40.6,39.2,38.1,37.3,36.8,36.4,36.4,36.4,36.6,37,37.2,37.2,36.9,36.5,35.8
Timor-Leste,,,,,,,,,,,,,,,,,,,,,,,,,,164,157,150,144,138,132,127,122,117,112,107,103,98.8,94.7,90.8,87,83.4,80,76.7,73.4,70.5,67.6,65,62.7,60.6,58.7,57.1,55.6,54.2,52.9,51.5,50,48.6,47.1,45.7,44.3,43.1
Tonga,,,,58.5,55.3,52.4,49.6,46.8,44,41.5,39.1,36.9,34.9,33.2,31.6,30.2,29,27.8,26.7,25.7,24.7,24,23.3,22.7,22.2,21.8,21.3,20.8,20.2,19.6,18.9,18.2,17.6,17.1,16.6,16.2,15.9,15.6,15.3,14.9,14.6,14.2,13.8,13.4,13,12.7,12.4,12.1,11.8,11.6,11.3,11.1,11,10.8,10.7,10.6,10.5,10.4,10.2,10.1,9.8,9.6
Trinidad and Tobago,56,54.3,52.7,51.2,49.8,48.6,47.5,46.5,45.6,44.8,43.9,43.1,42.3,41.4,40.4,39.4,38.4,37.3,36.3,35.2,34.2,33.2,32.2,31.2,30.4,29.7,28.9,28.3,27.7,27.2,26.7,26.3,26,25.7,25.5,25.3,25.1,25.1,25,24.9,24.9,24.7,24.5,24.2,23.8,23.2,22.7,22.1,21.5,20.9,20.4,19.8,19.2,18.6,18.1,17.5,17,16.5,16,15.5,15,14.6
Tunisia,,,182,173,165,157,149,142,135,128,122,116,110,105,99.2,93.6,88,82.7,77.7,73.2,69,65.4,62.1,59,56.1,53.5,51,48.8,46.8,44.9,43.2,41.6,39.9,38.2,36.4,34.4,32.5,30.5,28.5,26.7,25,23.4,22.1,20.9,19.8,18.8,17.9,17.2,16.6,16.2,15.8,15.5,15.2,15,14.9,14.8,14.7,14.7,14.6,14.5,14.3,14
Turkey,172,166,161,156,150,146,141,137,134,130,126,123,119,116,112,109,105,101,97.2,93.4,89.5,85.7,81.9,78.2,74.6,71,67.7,64.5,61.4,58.4,55.5,52.7,50,47.3,44.7,42.1,39.7,37.4,35.1,33,30.9,28.9,27.1,25.3,23.6,22,20.5,19.1,17.8,16.6,15.5,14.5,13.6,12.7,11.9,11.1,10.5,9.8,9.2,8.6,8.1,7.7
Tuvalu,116,111,107,102,98,94,90.1,86.3,82.7,79.3,75.8,72.3,68.9,65.6,62.3,59.3,56.6,54.2,52,50.1,48.5,47.1,45.8,44.8,43.9,43.2,42.7,42.3,42,41.7,41.4,41,40.5,40,39.3,38.5,37.7,36.7,35.7,34.8,34,33.3,32.7,32.1,31.5,30.8,30,29.1,28.1,27,26,25.1,24.3,23.5,22.8,22,21.3,20.6,20,19.3,18.7,18.1
Tanzania,143,142,141,140,138,137,135,133,131,130,128,126,124,122,120,117,115,113,110,109,108,107,107,107,108,107,106,105,104,102,101,99.2,98,96.8,95.5,93.9,91.9,89.5,86.4,82.7,78.6,74.2,69.8,65.7,62,58.6,56,53.1,51.1,48.8,47.1,45.5,44.1,43,41.9,41,39.7,38.2,36.8,35.9,34.9,34.1
Uganda,132,129,128,126,124,122,120,119,117,116,115,115,115,116,118,120,122,125,127,129,130,129,127,123,120,117,115,113,111,109,107,105,102,100,98.5,97.3,96.2,94.8,92.9,90.3,87.2,83.5,79.3,74.8,70.2,65.9,61.9,58.2,54.9,52.4,49.7,47.1,44.5,42.7,41,39.3,37.6,36,34.4,33.2,32.1,31.2
Ukraine,,,,,,,,,,,,26.5,25.8,25.1,24.5,24,23.6,23.1,22.7,22.4,21.9,21.4,20.7,20.1,19.4,18.6,18,17.4,17,16.6,16.4,16.4,16.5,16.8,17,17.2,17.2,17.1,16.7,16.2,15.6,15,14.3,13.6,13,12.5,12,11.6,11.1,10.6,10.1,9.6,9.1,8.7,8.4,8.1,7.8,7.6,7.4,7.3,7.1,7
Uruguay,56.6,55.4,54.1,52.8,51.9,51.4,51,50.6,50,49,47.9,47.2,47.2,47.9,48.7,48.9,48.2,46.1,42.8,39,35,31.6,29.1,27.3,26.1,25.1,24.1,23.1,22,20.9,20.1,19.5,19.1,18.8,18.4,18,17.5,16.8,16,15.4,14.9,14.4,14.1,13.7,13.2,12.5,11.8,11,10.3,9.8,9.3,9,8.7,8.4,8,7.7,7.3,6.8,6.3,5.8,5.4,5
USA,25.9,25.4,24.9,24.4,23.8,23.3,22.7,22,21.3,20.6,19.9,19.1,18.3,17.5,16.7,15.9,15.2,14.5,13.8,13.2,12.6,12.1,11.7,11.3,10.9,10.6,10.4,10.2,9.9,9.7,9.4,9.1,8.8,8.5,8.2,7.9,7.7,7.5,7.4,7.2,7.1,7,6.9,6.9,6.8,6.7,6.7,6.6,6.5,6.4,6.2,6.1,6,6,5.9,5.8,5.7,5.7,5.6,5.5,5.4,5.4
Uzbekistan,,,,,,,,,,,,,,,,,,,,97.9,91.9,86.1,80.8,76.1,71.9,68.1,64.8,62.1,60,58.6,57.9,57.7,57.8,57.8,57.6,57.3,56.7,55.8,54.5,52.8,50.7,48.1,45.4,42.5,39.7,36.9,34.2,31.6,29.1,26.9,24.8,22.9,21.2,19.7,18.3,17.1,16.1,15.2,14.4,13.8,13.2,12.6
St. Vincent and the Grenadines,115,109,101,91.8,82.9,74.8,68,62.4,58.3,55.5,54,53.7,54.3,55.4,56.3,56.2,54.9,52.3,48.8,45,41.1,37.5,34.1,31,28.2,25.9,24,22.5,21.3,20.4,19.7,19.2,18.9,18.8,18.8,18.9,19,19.1,19.2,19.3,19.3,19.2,19.1,19.1,19,19,18.9,18.7,18.5,18.2,17.8,17.3,16.8,16.3,15.8,15.3,14.8,14.3,13.9,13.4,13,12.6
Venezuela,58.9,57.3,55.9,54.7,53.7,52.8,51.9,51,50.2,49.2,48.1,46.9,45.7,44.4,43.2,42,40.7,39.4,38.1,36.7,35.3,34,32.8,31.7,30.7,29.7,28.7,27.8,26.7,25.7,24.7,23.9,23.3,22.9,22.5,22.1,21.5,20.7,19.8,19,18.3,17.8,17.4,16.9,16.4,15.9,15.4,15,14.8,14.7,14.7,14.8,14.9,15.1,15.4,16.5,21.1,21.1,21.1,21.1,21.1,21.1
British Virgin Islands,68.9,65.6,62.1,58.5,54.9,51.5,48.3,45.4,42.8,40.5,38.6,37,35.6,34.4,33.4,32.4,31.5,30.5,29.5,28.4,27.3,26.1,24.9,23.7,22.5,21.4,20.4,19.4,18.6,17.9,17.3,16.8,16.4,16,15.7,15.4,15.2,15,14.8,14.7,14.6,14.5,14.5,14.4,14.4,14.4,14.4,14.3,14.1,13.9,13.6,13.3,13,12.7,12.3,12,11.6,11.3,10.9,10.6,10.3,9.9
Vietnam,,,,,57.2,56.8,56.4,56,55.6,55.2,54.8,54.3,53.7,53.1,52.4,51.7,50.9,49.9,49,48.1,47.1,46.3,45.4,44.6,43.8,43,42.1,41,39.8,38.5,37.1,35.6,34.1,32.6,31.1,29.6,28.2,26.9,25.7,24.6,23.6,22.7,21.9,21.2,20.5,20,19.6,19.2,18.9,18.7,18.4,18.2,18,17.8,17.7,17.5,17.3,17.1,17,16.8,16.6,16.4
Vanuatu,105,102,99,96.1,93.1,90.2,87.1,84.1,81.1,78.2,75.4,72.6,70,67.5,65.1,62.8,60.5,58.2,55.8,53.3,50.7,48.1,45.4,42.7,40.2,37.8,35.7,33.8,32.2,30.8,29.5,28.4,27.5,26.7,26.1,25.6,25.2,24.9,24.6,24.3,24.1,23.9,23.8,23.7,23.7,23.7,23.7,23.8,23.9,23.9,24,24,23.9,23.7,23.3,22.9,22.4,21.9,21.4,20.9,20.3,19.7
Samoa,76.5,73.8,71.3,69.1,74.2,65.1,63,60.9,58.7,56.5,54.3,52.1,50,47.9,45.9,44,42.1,40.3,38.5,36.9,35.3,33.9,32.6,31.4,30.3,29.2,28.2,27.3,26.4,25.6,24.9,24.2,23.5,22.8,22.1,21.4,20.7,20.1,19.4,18.8,18.1,17.6,17.2,16.8,16.6,16.5,16.5,16.5,16.6,18.8,16.6,16.5,16.4,16.2,16.1,15.9,15.8,15.6,15.3,15,14.7,14.4
Yemen,,,,278,272,265,257,249,240,231,222,214,205,198,190,182,174,166,157,148,140,132,125,118,112,106,102,97.8,94.3,91.4,88.7,86.4,84.4,82.7,81.1,79.7,78.2,76.4,74.2,71.7,68.8,65.9,63,60.2,57.4,54.9,52.4,50.1,48.1,46.5,45.6,45.4,45.5,45.3,45.4,46.2,46.1,46,46.6,46.5,45.8,46.7
South Africa,,,,,,,,,,,,,,,90.1,86,82.2,78.5,75,71.6,68.6,65.7,63,60.4,58.1,55.9,53.9,52.1,50.4,49,47.8,46.8,46.2,45.9,45.8,45.9,46.3,47,47.5,48,48.9,49.4,49.8,49.9,49.8,50.1,49.3,47.6,44.3,39.9,35.7,33.3,31.9,31,30.2,29.4,28.9,28.3,27.8,27.3,26.9,26.4
Zambia,122,119,118,116,115,114,113,113,112,111,109,106,103,100,97.5,95.6,94.7,94.5,94.8,95.1,95.6,96,96.6,97.8,99.7,102,104,106,107,108,108,108,107,106,104,102,99.7,97.9,96,93.8,90.4,85.6,79.7,73.8,67.7,62.4,58.8,57,54.7,52.9,51.3,50.2,49.3,48.1,47.2,47.2,45.6,44.2,43.6,42.4,41.1,40.2
Zimbabwe,92.8,90.6,88.4,86.1,83.8,81.6,79.5,77.7,76,74.7,73.8,73.1,72.6,72.4,72.4,72.6,72.7,72.8,72.5,71.7,70.3,68,65,61.5,58,54.9,52.4,50.9,50.2,50.4,51.1,51.8,52.5,53.3,54.3,55.5,55.8,55.3,54.3,53.1,52.2,51.8,51.8,51.8,53,53.9,55.9,56.9,56.4,55.3,52.9,51.4,47,45.2,43.2,42.1,40.6,39.5,38,37.1,36.6,35.7
